{"cameraMode":{"drawMode":0,"name":"Shaded","section":"Shading Mode"},"sceneLighting":false,"audioPlay":false,"sceneViewState":{"showFog":true,"showMaterialUpdate":false,"showSkybox":true,"showFlares":true,"showImageEffects":true,"showParticleSystems":true},"in2DMode":false,"pivot":{"x":6.125951766967773,"y":4.929873943328857,"z":7.50019645690918},"rotation":{"x":0.12083762139081955,"y":0.1718156486749649,"z":-0.02124057523906231,"w":0.9774601459503174},"size":5.34787130355835,"orthographic":false}