{"cameraMode":{"drawMode":0,"name":"Shaded","section":"Shading Mode"},"sceneLighting":false,"audioPlay":false,"sceneViewState":{"showFog":true,"showMaterialUpdate":false,"showSkybox":true,"showFlares":true,"showImageEffects":true,"showParticleSystems":true},"in2DMode":false,"pivot":{"x":-1.2537513971328736,"y":-12.342068672180176,"z":54.013755798339847},"rotation":{"x":-0.10349351912736893,"y":0.049806639552116397,"z":-0.0051889666356146339,"w":-0.9933706521987915},"size":42.71422576904297,"orthographic":false}